DeviceName,MACAddress,DeviceModel
WindowsLaptop_001,9A:2E:9B:32:CF:63,Dell
WindowsLaptop_002,19:48:6A:C9:28:E8,Dell
WindowsLaptop_003,76:19:D1:BA:C5:C7,Dell
WindowsLaptop_004,73:30:42:7D:CD:EB,Dell
WindowsLaptop_005,31:3F:CD:C0:DD:86,Dell
WindowsLaptop_006,88:DA:2F:95:B1:DF,Dell
WindowsLaptop_007,37:C9:72:6B:5F:05,Dell
WindowsLaptop_008,F7:46:9E:17:AD:4F,Dell
WindowsLaptop_009,F2:C3:24:73:8D:9E,Dell
WindowsLaptop_010,C1:94:38:73:00:17,Dell
WindowsLaptop_011,E2:51:34:69:AC:5B,Dell
WindowsLaptop_012,81:2F:1E:0D:04:E0,Dell
WindowsLaptop_013,4A:B2:1D:8D:3B:65,Dell
WindowsLaptop_014,06:24:0B:76:EE:35,Dell
WindowsLaptop_015,0E:15:08:8B:7A:CF,Dell
WindowsLaptop_016,F0:DC:0B:E9:7F:57,Dell
WindowsLaptop_017,AC:39:DA:A1:E1:1A,Dell
WindowsLaptop_018,B8:E3:EB:56:75:5F,Dell
WindowsLaptop_019,5D:BC:22:15:A9:CE,Dell
WindowsLaptop_020,B9:3E:75:95:E9:74,Dell
WindowsLaptop_021,7E:5A:8A:BE:26:36,Dell
WindowsLaptop_022,87:47:E8:17:BD:AB,Dell
WindowsLaptop_023,FF:44:60:A2:00:36,Dell
WindowsLaptop_024,51:42:13:67:E1:33,Dell
WindowsLaptop_025,55:7A:C4:DA:19:08,Dell
WindowsLaptop_026,E7:97:FB:4C:75:34,Dell
WindowsLaptop_027,D6:76:B0:03:3D:22,Dell
WindowsLaptop_028,1E:97:A3:6E:57:EE,Dell
WindowsLaptop_029,55:25:BB:B5:F3:16,Dell
WindowsLaptop_030,B1:C6:B6:0D:08:62,Dell
WindowsLaptop_031,07:97:91:10:FC:18,Dell
WindowsLaptop_032,E2:70:2E:A5:DA:A7,Dell
WindowsLaptop_033,6B:A7:D3:BC:D7:71,Dell
WindowsLaptop_034,63:B8:B1:01:F9:BB,Dell
WindowsLaptop_035,01:A6:48:96:F9:AE,Dell
WindowsLaptop_036,4B:66:E3:5C:8D:72,Dell
WindowsLaptop_037,81:CB:33:F4:1C:EB,Dell
WindowsLaptop_038,61:51:58:F2:60:C3,Dell
WindowsLaptop_039,31:7A:9B:1A:0A:01,Dell
WindowsLaptop_040,C9:DD:C0:76:AB:52,Dell
WindowsLaptop_041,10:C2:08:95:3B:72,Dell
WindowsLaptop_042,5C:FF:28:70:6D:B0,Dell
WindowsLaptop_043,20:75:6C:D9:67:B2,Dell
WindowsLaptop_044,80:9E:B5:08:AB:0D,Dell
WindowsLaptop_045,CA:B2:23:C0:B1:06,Dell
WindowsLaptop_046,8F:B1:D1:81:B5:9D,Dell
WindowsLaptop_047,AE:C3:50:CA:F4:7E,Dell
WindowsLaptop_048,A5:A3:52:88:F1:2F,Dell
WindowsLaptop_049,D5:1D:8E:28:23:66,Dell
WindowsLaptop_050,01:6B:CD:24:65:CB,Dell
WindowsLaptop_051,65:8D:07:90:56:7A,Dell
WindowsLaptop_052,45:67:9C:48:7E:F9,Dell
WindowsLaptop_053,22:74:D1:11:E6:B2,Dell
WindowsLaptop_054,0D:AA:A5:37:A4:19,Dell
WindowsLaptop_055,1A:50:15:05:E0:65,Dell
WindowsLaptop_056,E8:C2:BE:F8:FF:81,Dell
WindowsLaptop_057,0D:FC:91:EB:35:D1,Dell
WindowsLaptop_058,99:A9:70:D5:C3:00,Dell
WindowsLaptop_059,21:A7:74:77:CB:BB,Dell
WindowsLaptop_060,7B:67:AE:A4:F8:E6,Dell
WindowsLaptop_061,6E:09:DF:2B:01:2D,Dell
WindowsLaptop_062,31:BF:64:D6:D9:B6,Dell
WindowsLaptop_063,FA:6A:77:F8:70:17,Dell
WindowsLaptop_064,15:F9:0A:64:8C:97,Dell
WindowsLaptop_065,71:40:FB:71:3C:9F,Dell
WindowsLaptop_066,0F:D0:4F:01:DE:07,Dell
WindowsLaptop_067,8C:73:16:1F:80:4D,Dell
WindowsLaptop_068,F5:38:E4:D5:36:88,Dell
WindowsLaptop_069,30:E4:A8:4C:90:08,Dell
WindowsLaptop_070,6C:F6:99:50:E2:92,Dell
WindowsLaptop_071,AA:03:78:5E:32:0F,Dell
WindowsLaptop_072,B6:F1:C2:34:C6:2F,Dell
WindowsLaptop_073,D0:22:E4:C6:E1:99,Dell
WindowsLaptop_074,C9:70:07:AE:4E:AC,Dell
WindowsLaptop_075,00:E8:4E:0D:79:73,Dell
WindowsLaptop_076,61:C0:1A:4F:5C:98,Dell
WindowsLaptop_077,A6:48:AE:73:B7:C5,Dell
WindowsLaptop_078,37:E6:48:0E:9B:5B,Dell
WindowsLaptop_079,02:A7:1D:86:A8:44,Dell
WindowsLaptop_080,74:48:13:FC:D9:C5,Dell
WindowsLaptop_081,46:0D:92:E8:C6:06,Dell
WindowsLaptop_082,2E:B4:B0:26:63:AF,Dell
WindowsLaptop_083,96:72:F3:84:25:62,Dell
WindowsLaptop_084,3F:B4:05:B2:43:11,Dell
WindowsLaptop_085,99:8A:22:38:69:E1,Dell
WindowsLaptop_086,BF:90:09:E2:34:5C,Dell
WindowsLaptop_087,3F:53:F2:3E:3B:F7,Dell
WindowsLaptop_088,13:85:AD:DB:CE:E2,Dell
WindowsLaptop_089,DC:A9:D8:6E:7A:9C,Dell
WindowsLaptop_090,E3:5A:26:3C:DA:DF,Dell
WindowsLaptop_091,F9:3E:4E:90:16:31,Dell
WindowsLaptop_092,6F:6F:76:A5:22:32,Dell
WindowsLaptop_093,7A:43:22:5D:0B:CE,Dell
WindowsLaptop_094,BB:84:C8:17:61:34,Dell
WindowsLaptop_095,15:FD:BE:C8:8E:83,Dell
WindowsLaptop_096,F5:4F:E2:6B:71:D8,Dell
WindowsLaptop_097,F7:AE:22:09:C2:62,Dell
WindowsLaptop_098,0D:64:AF:FD:0F:07,Dell
WindowsLaptop_099,E1:EA:4B:EC:3C:3E,Dell
WindowsLaptop_100,C2:6D:E3:F3:5A:01,Dell
WindowsLaptop_101,42:4D:4D:89:77:30,Dell
WindowsLaptop_102,67:3F:44:F0:90:DD,Dell
WindowsLaptop_103,6D:42:F9:3D:E2:44,Dell
WindowsLaptop_104,26:9A:F4:A1:4C:82,Dell
WindowsLaptop_105,24:57:3E:05:FC:88,Dell
WindowsLaptop_106,4E:1B:9F:26:14:DF,Dell
WindowsLaptop_107,DE:D7:06:25:42:E0,Dell
WindowsLaptop_108,F3:7A:F5:2C:2D:EB,Dell
WindowsLaptop_109,59:E3:DC:A8:56:72,Dell
WindowsLaptop_110,B9:58:88:57:FA:6E,Dell
WindowsLaptop_111,57:19:76:59:76:4E,Dell
WindowsLaptop_112,B5:64:05:43:F2:7C,Dell
WindowsLaptop_113,C2:7F:E6:BF:5F:B4,Dell
WindowsLaptop_114,FD:D4:AD:1F:9A:38,Dell
WindowsLaptop_115,17:53:12:01:5F:BD,Dell
WindowsLaptop_116,A6:D4:FF:CA:AC:4E,Dell
WindowsLaptop_117,45:DA:F5:50:97:3F,Dell
WindowsLaptop_118,62:AD:8C:4C:E1:D9,Dell
WindowsLaptop_119,5A:F3:58:3B:E9:A6,Dell
WindowsLaptop_120,60:7E:5C:85:0F:64,Dell
WindowsLaptop_121,1F:2D:95:92:A4:64,Dell
WindowsLaptop_122,25:04:71:46:8A:7F,Dell
WindowsLaptop_123,E6:74:18:7F:3D:48,Dell
WindowsLaptop_124,9A:DF:10:51:90:66,Dell
WindowsLaptop_125,20:A3:7B:FE:DC:C9,Dell
WindowsLaptop_126,6F:4F:3D:E2:ED:80,Dell
WindowsLaptop_127,49:2B:41:BB:CB:58,Dell
WindowsLaptop_128,57:5A:32:DC:A2:45,Dell
WindowsLaptop_129,5E:1F:03:88:17:6A,Dell
WindowsLaptop_130,F4:83:03:81:C2:77,Dell
WindowsLaptop_131,EA:A8:01:CE:78:64,Dell
WindowsLaptop_132,11:B8:3E:7A:A4:FA,Dell
WindowsLaptop_133,5F:02:B9:3C:66:35,Dell
WindowsLaptop_134,A6:6D:93:EA:03:30,Dell
WindowsLaptop_135,06:E2:0E:AA:88:8E,Dell
WindowsLaptop_136,89:1A:05:1F:58:12,Dell
WindowsLaptop_137,F6:AE:2C:06:4C:33,Dell
WindowsLaptop_138,5B:7B:BF:F6:D8:48,Dell
WindowsLaptop_139,8C:25:4A:1A:75:A0,Dell
WindowsLaptop_140,DA:25:17:8F:91:BA,Dell
WindowsLaptop_141,22:A0:CC:4C:B5:99,Dell
WindowsLaptop_142,28:88:AF:DE:1B:DD,Dell
WindowsLaptop_143,82:A4:1C:D7:AE:F9,Dell
WindowsLaptop_144,28:5D:8E:89:42:D1,Dell
WindowsLaptop_145,42:90:26:AB:BE:22,Dell
WindowsLaptop_146,7A:F3:B3:A2:63:C5,Dell
WindowsLaptop_147,38:83:9C:7F:0A:BF,Dell
WindowsLaptop_148,1C:6E:1C:33:A0:44,Dell
WindowsLaptop_149,B8:08:83:3F:7D:3A,Dell
WindowsLaptop_150,3A:3B:2D:A4:96:CF,Dell
WindowsLaptop_151,D3:3C:0E:ED:6D:8A,Dell
WindowsLaptop_152,E0:FD:88:CB:90:23,Dell
WindowsLaptop_153,F3:AB:91:FB:2A:18,Dell
WindowsLaptop_154,CA:BD:48:BC:F4:78,Dell
WindowsLaptop_155,D8:A5:47:16:E3:02,Dell
WindowsLaptop_156,0E:61:39:7C:D0:16,Dell
WindowsLaptop_157,D3:66:24:3C:56:C1,Dell
WindowsLaptop_158,2F:A7:1F:29:A2:50,Dell
WindowsLaptop_159,AF:86:6A:CE:CF:2F,Dell
WindowsLaptop_160,82:4F:06:09:25:72,Dell
WindowsLaptop_161,E6:05:F2:EE:52:A2,Dell
WindowsLaptop_162,A4:D9:E4:A7:C3:3E,Dell
WindowsLaptop_163,DE:64:34:CD:82:05,Dell
WindowsLaptop_164,17:2E:C0:2B:2F:C0,Dell
WindowsLaptop_165,6B:41:A6:D8:FF:C3,Dell
WindowsLaptop_166,8B:37:B6:4E:C3:4A,Dell
WindowsLaptop_167,EB:5F:88:EE:11:51,Dell
WindowsLaptop_168,E0:2C:A2:63:4B:5E,Dell
WindowsLaptop_169,35:90:24:0A:B2:8C,Dell
WindowsLaptop_170,3D:59:D3:0E:EE:D1,Dell
WindowsLaptop_171,CE:6D:E6:4E:D8:17,Dell
WindowsLaptop_172,12:1C:F5:CD:A6:B5,Dell
WindowsLaptop_173,FB:5A:85:56:76:C1,Dell
WindowsLaptop_174,AD:95:43:7D:1A:94,Dell
WindowsLaptop_175,C2:ED:97:DE:6E:F7,Dell
WindowsLaptop_176,69:4F:CC:ED:5E:F5,Dell
WindowsLaptop_177,95:56:8F:B9:4D:68,Dell
WindowsLaptop_178,8C:FB:8C:7D:50:4B,Dell
WindowsLaptop_179,FE:00:68:8F:9B:9D,Dell
WindowsLaptop_180,20:FD:5A:DD:90:46,Dell
WindowsLaptop_181,48:57:66:F0:EE:C8,Dell
WindowsLaptop_182,10:83:9E:E0:2A:19,Dell
WindowsLaptop_183,B6:5D:F0:F1:79:5C,Dell
WindowsLaptop_184,77:7C:FF:C0:44:7A,Dell
WindowsLaptop_185,29:04:81:29:79:5C,Dell
WindowsLaptop_186,F4:18:14:21:B4:7C,Dell
WindowsLaptop_187,05:22:6E:40:58:62,Dell
WindowsLaptop_188,BC:22:49:FC:E5:D5,Dell
WindowsLaptop_189,9F:3E:C1:88:89:A0,Dell
WindowsLaptop_190,2D:58:AE:C8:D6:0E,Dell
WindowsLaptop_191,04:98:FB:D0:34:5A,Dell
WindowsLaptop_192,D9:D1:60:A5:D2:68,Dell
WindowsLaptop_193,0F:23:55:34:E5:73,Dell
WindowsLaptop_194,EE:3F:61:2A:89:48,Dell
WindowsLaptop_195,D4:1F:A3:AE:A8:16,Dell
WindowsLaptop_196,19:FC:FF:35:BC:4A,Dell
WindowsLaptop_197,A9:29:DA:16:2E:9D,Dell
WindowsLaptop_198,6B:1E:F9:F5:A1:87,Dell
WindowsLaptop_199,E3:88:DD:C3:A2:2F,Dell
WindowsLaptop_200,40:D4:36:F0:85:AD,Dell
WindowsLaptop_201,FF:8A:7F:0C:8E:13,Dell
WindowsLaptop_202,1D:6C:9F:F0:4A:28,Dell
WindowsLaptop_203,F0:16:9F:16:2F:80,Dell
WindowsLaptop_204,6E:FF:B5:67:CC:88,Dell
WindowsLaptop_205,89:6B:E4:6B:FD:22,Dell
WindowsLaptop_206,C7:8E:10:BB:4E:C8,Dell
WindowsLaptop_207,4F:47:77:AD:0F:3F,Dell
WindowsLaptop_208,67:2F:16:08:BF:58,Dell
WindowsLaptop_209,B6:BF:BB:BA:50:C5,Dell
WindowsLaptop_210,F6:A9:1A:15:23:B8,Dell
WindowsLaptop_211,74:58:A3:48:3D:29,Dell
WindowsLaptop_212,BF:F0:2C:50:FB:72,Dell
WindowsLaptop_213,4E:D3:65:7E:23:E8,Dell
WindowsLaptop_214,18:6E:96:32:2A:A1,Dell
WindowsLaptop_215,11:44:2F:2B:FE:FD,Dell
WindowsLaptop_216,E3:D6:F6:95:82:1F,Dell
WindowsLaptop_217,74:97:96:BC:DA:9C,Dell
WindowsLaptop_218,69:D5:10:6B:4F:3E,Dell
WindowsLaptop_219,F4:7E:42:54:3C:0D,Dell
WindowsLaptop_220,10:C1:DD:2A:FF:73,Dell
WindowsLaptop_221,BA:28:32:C7:39:45,Dell
WindowsLaptop_222,49:80:1A:AE:FE:A4,Dell
WindowsLaptop_223,1F:16:77:41:E5:EC,Dell
WindowsLaptop_224,30:DA:B9:D7:1C:0A,Dell
WindowsLaptop_225,9D:04:FC:91:41:C7,Dell
WindowsLaptop_226,DF:7D:1F:7F:C2:F4,Dell
WindowsLaptop_227,20:17:69:C3:6F:0F,Dell
WindowsLaptop_228,1B:9B:DE:03:4B:55,Dell
WindowsLaptop_229,0C:E9:56:A2:F9:DB,Dell
WindowsLaptop_230,29:33:06:43:C3:AE,Dell
WindowsLaptop_231,B0:B0:11:08:7D:DB,Dell
WindowsLaptop_232,5A:62:D5:3C:7C:87,Dell
WindowsLaptop_233,50:AF:38:26:31:91,Dell
WindowsLaptop_234,23:10:33:1E:A7:8F,Dell
WindowsLaptop_235,3F:CF:EC:1A:79:63,Dell
WindowsLaptop_236,15:05:04:8D:B6:AD,Dell
WindowsLaptop_237,0B:72:A5:EA:8A:18,Dell
WindowsLaptop_238,03:AA:3D:3B:99:B2,Dell
WindowsLaptop_239,6B:49:BB:B6:5A:7E,Dell
WindowsLaptop_240,33:8F:75:63:15:09,Dell
WindowsLaptop_241,DA:4B:4B:77:6F:53,Dell
WindowsLaptop_242,1A:47:C4:52:07:48,Dell
WindowsLaptop_243,10:08:24:9C:D9:92,Dell
WindowsLaptop_244,BA:5C:E3:32:D2:07,Dell
WindowsLaptop_245,8E:A0:5C:01:B2:BA,Dell
WindowsLaptop_246,41:86:31:C9:A9:C3,Dell
WindowsLaptop_247,F5:86:B1:9D:52:5F,Dell
WindowsLaptop_248,E1:F2:27:F1:36:D2,Dell
WindowsLaptop_249,42:2E:72:58:8E:E7,Dell
WindowsLaptop_250,4F:80:33:C3:65:D5,Dell
Macbook_001,3C:15:C2:89:37:4F,Apple
Macbook_002,3C:15:C2:9A:73:8B,Apple
Macbook_003,3C:15:C2:3A:22:F8,Apple
Macbook_004,A4:5E:60:4B:C4:AF,Apple
Macbook_005,F0:18:98:F2:1B:4E,Apple
Macbook_006,3C:15:C2:BB:6C:68,Apple
Macbook_007,3C:15:C2:CE:18:A5,Apple
Macbook_008,3C:15:C2:3E:02:65,Apple
Macbook_009,A4:5E:60:50:11:55,Apple
Macbook_010,A4:5E:60:76:67:A3,Apple
Macbook_011,3C:15:C2:4C:EF:D9,Apple
Macbook_012,F0:18:98:BF:34:C9,Apple
Macbook_013,A4:5E:60:49:7E:20,Apple
Macbook_014,3C:15:C2:9B:D8:5E,Apple
Macbook_015,A4:5E:60:F9:8F:A2,Apple
Macbook_016,3C:15:C2:8D:0D:65,Apple
Macbook_017,A4:5E:60:70:63:51,Apple
Macbook_018,A4:5E:60:DF:89:06,Apple
Macbook_019,3C:15:C2:AB:F1:6B,Apple
Macbook_020,F0:18:98:6E:BD:1E,Apple
Macbook_021,F0:18:98:2C:EF:0F,Apple
Macbook_022,3C:15:C2:79:0E:0F,Apple
Macbook_023,A4:5E:60:E6:8C:C9,Apple
Macbook_024,F0:18:98:25:8B:AB,Apple
Macbook_025,F0:18:98:8C:41:18,Apple
Macbook_026,A4:5E:60:88:BC:AF,Apple
Macbook_027,F0:18:98:AA:BA:B0,Apple
Macbook_028,3C:15:C2:C5:D3:91,Apple
Macbook_029,A4:5E:60:A2:BA:28,Apple
Macbook_030,A4:5E:60:59:0E:54,Apple
Macbook_031,F0:18:98:03:4C:0F,Apple
Macbook_032,3C:15:C2:56:BD:B2,Apple
Macbook_033,F0:18:98:64:74:BE,Apple
Macbook_034,A4:5E:60:33:32:AC,Apple
Macbook_035,A4:5E:60:AA:7F:66,Apple
Macbook_036,3C:15:C2:C7:9D:B8,Apple
Macbook_037,3C:15:C2:8F:49:B4,Apple
Macbook_038,F0:18:98:DE:A7:44,Apple
Macbook_039,A4:5E:60:15:F0:50,Apple
Macbook_040,A4:5E:60:BB:4F:C5,Apple
Macbook_041,3C:15:C2:A2:B1:07,Apple
Macbook_042,3C:15:C2:9B:BF:51,Apple
Macbook_043,F0:18:98:13:09:73,Apple
Macbook_044,A4:5E:60:07:69:5C,Apple
Macbook_045,F0:18:98:DB:B1:56,Apple
Macbook_046,A4:5E:60:88:4E:A8,Apple
Macbook_047,3C:15:C2:65:1B:EF,Apple
Macbook_048,A4:5E:60:DC:8A:E0,Apple
Macbook_049,3C:15:C2:D9:9A:9A,Apple
Macbook_050,A4:5E:60:0D:5D:E6,Apple
Macbook_051,A4:5E:60:22:D8:53,Apple
Macbook_052,F0:18:98:47:FF:ED,Apple
Macbook_053,F0:18:98:D2:D1:14,Apple
Macbook_054,3C:15:C2:6E:F9:58,Apple
Macbook_055,3C:15:C2:0C:BB:B9,Apple
Macbook_056,F0:18:98:6E:23:49,Apple
Macbook_057,A4:5E:60:37:20:C1,Apple
Macbook_058,F0:18:98:AD:5E:0F,Apple
Macbook_059,3C:15:C2:8A:17:89,Apple
Macbook_060,A4:5E:60:D4:31:63,Apple
Macbook_061,F0:18:98:13:C7:CE,Apple
Macbook_062,F0:18:98:20:89:D5,Apple
Macbook_063,F0:18:98:4A:41:FC,Apple
Macbook_064,3C:15:C2:9F:3E:FB,Apple
Macbook_065,A4:5E:60:FE:13:4C,Apple
Macbook_066,F0:18:98:BC:B0:57,Apple
Macbook_067,3C:15:C2:82:F8:A7,Apple
Macbook_068,3C:15:C2:D7:14:F3,Apple
Macbook_069,A4:5E:60:28:78:F3,Apple
Macbook_070,A4:5E:60:F4:4F:59,Apple
Macbook_071,F0:18:98:40:F2:84,Apple
Macbook_072,A4:5E:60:15:BA:3F,Apple
Macbook_073,A4:5E:60:97:12:9A,Apple
Macbook_074,F0:18:98:8E:CE:FF,Apple
Macbook_075,A4:5E:60:6D:19:00,Apple
Macbook_076,3C:15:C2:75:87:7B,Apple
Macbook_077,A4:5E:60:A9:F2:0D,Apple
Macbook_078,3C:15:C2:79:37:73,Apple
Macbook_079,A4:5E:60:D3:0D:EF,Apple
Macbook_080,3C:15:C2:7D:5B:A5,Apple
Macbook_081,3C:15:C2:3D:FB:39,Apple
Macbook_082,F0:18:98:C2:85:15,Apple
Macbook_083,3C:15:C2:D9:E1:41,Apple
Macbook_084,3C:15:C2:F5:80:5A,Apple
Macbook_085,F0:18:98:0D:1F:47,Apple
Macbook_086,A4:5E:60:D9:58:F2,Apple
Macbook_087,A4:5E:60:CE:67:12,Apple
Macbook_088,F0:18:98:FF:1F:DE,Apple
Macbook_089,3C:15:C2:89:7B:4C,Apple
Macbook_090,3C:15:C2:DE:20:53,Apple
Macbook_091,A4:5E:60:AF:84:E1,Apple
Macbook_092,3C:15:C2:8D:45:72,Apple
Macbook_093,A4:5E:60:97:4B:24,Apple
Macbook_094,3C:15:C2:B5:09:88,Apple
Macbook_095,A4:5E:60:0F:CE:5C,Apple
Macbook_096,3C:15:C2:52:51:64,Apple
Macbook_097,3C:15:C2:77:75:DD,Apple
Macbook_098,A4:5E:60:77:63:DC,Apple
Macbook_099,F0:18:98:03:E8:91,Apple
Macbook_100,3C:15:C2:19:30:6C,Apple
Macbook_101,F0:18:98:79:6A:E7,Apple
Macbook_102,3C:15:C2:52:AE:F3,Apple
Macbook_103,3C:15:C2:50:51:A2,Apple
Macbook_104,3C:15:C2:02:0E:77,Apple
Macbook_105,F0:18:98:39:EA:BC,Apple
Macbook_106,3C:15:C2:49:11:C7,Apple
Macbook_107,F0:18:98:A1:96:AA,Apple
Macbook_108,3C:15:C2:37:84:46,Apple
Macbook_109,F0:18:98:3F:D6:B4,Apple
Macbook_110,F0:18:98:59:51:F9,Apple
Macbook_111,3C:15:C2:E6:15:79,Apple
Macbook_112,A4:5E:60:C4:61:A3,Apple
Macbook_113,A4:5E:60:54:57:03,Apple
Macbook_114,3C:15:C2:38:77:5E,Apple
Macbook_115,A4:5E:60:0B:1E:06,Apple
Macbook_116,3C:15:C2:A4:C8:1B,Apple
Macbook_117,3C:15:C2:04:19:0E,Apple
Macbook_118,3C:15:C2:CC:93:A2,Apple
Macbook_119,F0:18:98:BC:46:DC,Apple
Macbook_120,F0:18:98:C5:51:37,Apple
Macbook_121,A4:5E:60:67:41:3A,Apple
Macbook_122,3C:15:C2:02:E9:E9,Apple
Macbook_123,F0:18:98:C8:05:6E,Apple
Macbook_124,A4:5E:60:28:68:7B,Apple
Macbook_125,A4:5E:60:2E:F9:41,Apple
Macbook_126,F0:18:98:AE:10:23,Apple
Macbook_127,F0:18:98:D9:FD:60,Apple
Macbook_128,A4:5E:60:FE:9F:7D,Apple
Macbook_129,3C:15:C2:C1:8E:7C,Apple
Macbook_130,A4:5E:60:F7:84:B1,Apple
Macbook_131,A4:5E:60:36:37:71,Apple
Macbook_132,F0:18:98:83:A8:80,Apple
Macbook_133,A4:5E:60:01:2D:2D,Apple
Macbook_134,F0:18:98:06:4D:45,Apple
Macbook_135,A4:5E:60:21:50:01,Apple
iPad_001,F0:18:98:33:61:3B,Apple
iPad_002,3C:15:C2:BA:8F:C1,Apple
iPad_003,F0:18:98:C2:7B:23,Apple
iPad_004,A4:5E:60:6E:DC:F3,Apple
iPad_005,3C:15:C2:EF:BD:93,Apple
iPad_006,3C:15:C2:8A:5F:21,Apple
iPad_007,A4:5E:60:B9:71:76,Apple
iPad_008,F0:18:98:8F:14:F9,Apple
iPad_009,3C:15:C2:FE:36:2B,Apple
iPad_010,A4:5E:60:70:24:7D,Apple
iPad_011,3C:15:C2:2B:7D:BE,Apple
iPad_012,A4:5E:60:6B:35:0F,Apple
iPad_013,F0:18:98:77:61:FD,Apple
iPad_014,3C:15:C2:ED:6B:0A,Apple
iPad_015,3C:15:C2:30:56:3F,Apple
iPad_016,A4:5E:60:C8:48:EA,Apple
iPad_017,3C:15:C2:F7:60:37,Apple
iPad_018,3C:15:C2:01:00:D1,Apple
iPad_019,F0:18:98:B3:6E:35,Apple
iPad_020,F0:18:98:07:15:70,Apple
iPad_021,A4:5E:60:27:B5:CA,Apple
iPad_022,A4:5E:60:8D:83:94,Apple
iPad_023,F0:18:98:49:F8:D6,Apple
iPad_024,A4:5E:60:9A:AD:DD,Apple
iPad_025,F0:18:98:11:7C:49,Apple
iPad_026,3C:15:C2:49:73:8A,Apple
iPad_027,3C:15:C2:7C:70:07,Apple
iPad_028,F0:18:98:67:BB:85,Apple
iPad_029,3C:15:C2:8C:AB:D4,Apple
iPad_030,3C:15:C2:39:C6:DF,Apple
iPad_031,F0:18:98:F4:D3:01,Apple
iPad_032,3C:15:C2:89:F7:E9,Apple
iPad_033,F0:18:98:C2:41:BF,Apple
iPad_034,F0:18:98:D0:C0:AC,Apple
iPad_035,A4:5E:60:83:07:58,Apple
iPad_036,3C:15:C2:0B:93:25,Apple
iPad_037,F0:18:98:63:63:E7,Apple
iPad_038,3C:15:C2:27:F0:A2,Apple
iPad_039,F0:18:98:7B:A2:1A,Apple
iPad_040,F0:18:98:A5:07:68,Apple
iPad_041,F0:18:98:16:B4:24,Apple
iPad_042,A4:5E:60:2B:09:68,Apple
iPad_043,3C:15:C2:2A:31:D1,Apple
iPad_044,A4:5E:60:87:36:4A,Apple
iPad_045,A4:5E:60:76:20:3A,Apple
iPad_046,F0:18:98:FF:84:B4,Apple
iPad_047,3C:15:C2:AA:FA:83,Apple
iPad_048,3C:15:C2:57:31:ED,Apple
iPad_049,3C:15:C2:5A:8A:08,Apple
iPad_050,A4:5E:60:BB:B8:9D,Apple
iPad_051,A4:5E:60:D4:54:AC,Apple
iPad_052,A4:5E:60:7C:A2:0C,Apple
iPad_053,A4:5E:60:C2:F7:C7,Apple
iPad_054,A4:5E:60:C6:4B:1B,Apple
iPad_055,3C:15:C2:B4:DD:F4,Apple
iPad_056,A4:5E:60:16:D3:08,Apple
iPad_057,F0:18:98:E4:92:A6,Apple
iPad_058,F0:18:98:04:0B:64,Apple
iPad_059,F0:18:98:7B:93:FA,Apple
iPad_060,A4:5E:60:62:E0:44,Apple
iPad_061,F0:18:98:55:C8:0C,Apple
iPad_062,F0:18:98:EE:5A:A5,Apple
iPad_063,F0:18:98:66:50:53,Apple
iPad_064,A4:5E:60:8D:9F:CC,Apple
iPad_065,A4:5E:60:68:98:0C,Apple
iPad_066,A4:5E:60:40:0F:7B,Apple
iPad_067,3C:15:C2:69:12:77,Apple
iPad_068,A4:5E:60:CF:85:1C,Apple
iPad_069,A4:5E:60:0C:EB:4F,Apple
iPad_070,F0:18:98:57:D4:CD,Apple
iPad_071,F0:18:98:8C:8C:2B,Apple
iPad_072,A4:5E:60:A7:B8:84,Apple
iPad_073,3C:15:C2:4C:44:2B,Apple
iPad_074,3C:15:C2:67:72:7B,Apple
iPad_075,A4:5E:60:57:56:98,Apple
iPad_076,F0:18:98:8D:11:B9,Apple
iPad_077,3C:15:C2:7C:62:C8,Apple
iPad_078,3C:15:C2:EE:2A:EC,Apple
iPad_079,A4:5E:60:15:20:CF,Apple
iPad_080,F0:18:98:E0:02:D2,Apple
iPad_081,3C:15:C2:D3:20:F7,Apple
iPad_082,A4:5E:60:CB:43:32,Apple
iPad_083,A4:5E:60:C1:00:71,Apple
iPad_084,F0:18:98:92:F3:4B,Apple
iPad_085,F0:18:98:0D:E3:CA,Apple
iPad_086,A4:5E:60:AA:C2:F3,Apple
iPad_087,3C:15:C2:22:AB:78,Apple
iPad_088,F0:18:98:DA:C1:6A,Apple
iPad_089,3C:15:C2:F1:57:81,Apple
iPad_090,3C:15:C2:A1:FA:81,Apple
iPad_091,3C:15:C2:ED:41:32,Apple
iPad_092,3C:15:C2:5A:8C:6E,Apple
iPad_093,3C:15:C2:5F:34:F2,Apple
iPad_094,3C:15:C2:DE:B5:B1,Apple
iPad_095,F0:18:98:CB:F5:74,Apple
iPad_096,A4:5E:60:DD:F6:CC,Apple
iPad_097,A4:5E:60:4D:38:34,Apple
iPad_098,A4:5E:60:A9:AD:05,Apple
iPad_099,3C:15:C2:F5:25:12,Apple
iPad_100,F0:18:98:D8:59:26,Apple
iPad_101,F0:18:98:CB:81:3E,Apple
iPad_102,F0:18:98:67:F1:71,Apple
iPad_103,A4:5E:60:DF:FA:8A,Apple
iPad_104,A4:5E:60:4B:C3:E9,Apple
iPad_105,F0:18:98:F3:46:63,Apple
iPad_106,F0:18:98:B2:09:5C,Apple
iPad_107,F0:18:98:88:41:B2,Apple
iPad_108,3C:15:C2:F3:53:CB,Apple
iPad_109,F0:18:98:4E:C0:0C,Apple
iPad_110,F0:18:98:86:02:87,Apple
Mobile_001,F0:18:98:CB:46:77,Samsung
Mobile_002,F0:18:98:08:33:1A,Apple
Mobile_003,A4:5E:60:20:6A:72,Apple
Mobile_004,3C:15:C2:78:E8:61,Apple
Mobile_005,A4:5E:60:35:BA:92,Apple
Mobile_006,F0:18:98:40:9E:B8,Apple
Mobile_007,A4:5E:60:ED:D0:DC,Samsung
Mobile_008,A4:5E:60:08:5A:85,Apple
Mobile_009,F0:18:98:A6:37:EC,Apple
Mobile_010,3C:15:C2:CB:C5:6A,Apple
Mobile_011,A4:5E:60:A2:94:A8,Samsung
Mobile_012,3C:15:C2:77:D5:69,Apple
Mobile_013,F0:18:98:F4:B8:01,Apple
Mobile_014,F0:18:98:0E:C4:46,Apple
Mobile_015,F0:18:98:BD:51:36,Samsung
Mobile_016,A4:5E:60:41:52:1B,Samsung
Mobile_017,F0:18:98:10:F3:92,Samsung
Mobile_018,3C:15:C2:FE:E0:80,Apple
Mobile_019,F0:18:98:18:CF:4E,Apple
Mobile_020,3C:15:C2:FA:C3:C0,Samsung
Mobile_021,F0:18:98:67:F6:6B,Apple
Mobile_022,A4:5E:60:69:2C:EF,Apple
Mobile_023,F0:18:98:57:7F:E3,Apple
Mobile_024,3C:15:C2:4A:C6:8B,Samsung
Mobile_025,3C:15:C2:6D:CA:B2,Samsung
Mobile_026,F0:18:98:EE:D9:B9,Apple
Mobile_027,3C:15:C2:50:38:EA,Apple
Mobile_028,3C:15:C2:98:4F:FB,Samsung
Mobile_029,3C:15:C2:99:89:DA,Samsung
Mobile_030,F0:18:98:18:F3:F7,Apple
Mobile_031,A4:5E:60:D0:41:42,Samsung
Mobile_032,F0:18:98:83:01:19,Samsung
Mobile_033,A4:5E:60:73:4E:B3,Apple
Mobile_034,F0:18:98:B1:8F:49,Apple
Mobile_035,3C:15:C2:C2:6D:CA,Apple
Mobile_036,A4:5E:60:00:E7:26,Samsung
Mobile_037,F0:18:98:58:27:6A,Samsung
Mobile_038,A4:5E:60:32:00:01,Apple
Mobile_039,A4:5E:60:EA:44:5F,Samsung
Mobile_040,A4:5E:60:BC:8F:1A,Samsung
Mobile_041,F0:18:98:D0:9B:69,Apple
Mobile_042,A4:5E:60:D5:28:9F,Apple
Mobile_043,A4:5E:60:E6:46:5F,Samsung
Mobile_044,3C:15:C2:F7:7A:04,Samsung
Mobile_045,3C:15:C2:D7:F0:9E,Samsung
Mobile_046,A4:5E:60:36:90:4D,Samsung
Mobile_047,F0:18:98:B9:F3:2E,Samsung
Mobile_048,3C:15:C2:99:50:49,Samsung
Mobile_049,3C:15:C2:27:BC:E1,Samsung
Mobile_050,A4:5E:60:07:AA:ED,Samsung
Mobile_051,3C:15:C2:E6:2C:B7,Samsung
Mobile_052,F0:18:98:18:2B:17,Apple
Mobile_053,3C:15:C2:30:26:37,Apple
Mobile_054,A4:5E:60:92:A8:C5,Samsung
Mobile_055,A4:5E:60:33:90:3E,Apple
